Block,Question,Small - Medium,Medium - Large,Small - Large
chain,5,0.8444503732736846,0.5223283682729584,0.4144340931933598
CC,6,0.48729551749399214,0.23186046277468042,0.06562087301738816
CE,1,0.6776004804244087,0.23186046277468042,0.11621846944929085
